"date","week","content_type","title","target","url_with_utm","status"
"2026-10-08","1","blog","How Exposed Are You? The 46 Things Tracking You Online (pillar)","myprivacytool.io/blog","https://www.myprivacytool.io/blog/how-exposed-are-you?utm_source=blog&utm_medium=owned&utm_campaign=mpc-7033-w01","draft"
"2026-10-10","1","blog","The Digital Privacy Checklist: 15 Fixes in One Afternoon","myprivacytool.io/blog","https://www.myprivacytool.io/blog/digital-privacy-checklist?utm_source=blog&utm_medium=owned&utm_campaign=mpc-7033-w01","draft"
"2026-10-13","1","blog","How to Protect Your Privacy Online in 2026","myprivacytool.io/blog","https://www.myprivacytool.io/blog/protect-privacy-online?utm_source=blog&utm_medium=owned&utm_campaign=mpc-7033-w01","draft"
"2026-10-07","1","x","One thing data brokers know about you that you never gave them","x.com","https://www.myprivacytool.io/scan?utm_source=x&utm_medium=social&utm_campaign=mpc-7033-w01","draft"
"2026-10-08","1","x","Thread: how a people-search site builds a profile of you in 4 steps","x.com","https://www.myprivacytool.io/scan?utm_source=x&utm_medium=social&utm_campaign=mpc-7033-w01","draft"
"2026-10-09","1","x","The 5-minute fix: remove yourself from one broker today","x.com","https://www.myprivacytool.io/scan?utm_source=x&utm_medium=social&utm_campaign=mpc-7033-w01","draft"
"2026-10-10","1","x","Why your LinkedIn profile feeds B2B data brokers","x.com","https://www.myprivacytool.io/scan?utm_source=x&utm_medium=social&utm_campaign=mpc-7033-w01","draft"
"2026-10-11","1","x","Do Not Call registries: what they do and do not stop","x.com","https://www.myprivacytool.io/scan?utm_source=x&utm_medium=social&utm_campaign=mpc-7033-w01","draft"
"2026-10-12","1","x","How to check whether your data is on brokers (free)","x.com","https://www.myprivacytool.io/scan?utm_source=x&utm_medium=social&utm_campaign=mpc-7033-w01","draft"
"2026-10-13","1","x","AI training on your data: the opt-outs that actually exist","x.com","https://www.myprivacytool.io/scan?utm_source=x&utm_medium=social&utm_campaign=mpc-7033-w01","draft"
"2026-10-09","1","reddit","Answer an open question on removing data from people-search sites","r/privacy","https://www.myprivacytool.io/scan?utm_source=reddit&utm_medium=social&utm_campaign=mpc-7033-w01","draft"
"2026-10-12","1","reddit","Contribute to a thread on employee data exposure and phishing","r/cybersecurity","https://www.myprivacytool.io/scan?utm_source=reddit&utm_medium=social&utm_campaign=mpc-7033-w01","draft"
"2026-10-15","2","blog","How to Opt Out of Spokeo (Step by Step)","myprivacytool.io/blog","https://www.myprivacytool.io/blog/opt-out-spokeo?utm_source=blog&utm_medium=owned&utm_campaign=mpc-7033-w02","draft"
"2026-10-17","2","blog","How to Remove Yourself From WhitePages","myprivacytool.io/blog","https://www.myprivacytool.io/blog/opt-out-whitepages?utm_source=blog&utm_medium=owned&utm_campaign=mpc-7033-w02","draft"
"2026-10-20","2","blog","Data Broker Removal in Hong Kong and Singapore","myprivacytool.io/blog","https://www.myprivacytool.io/blog/hk-sg-data-broker-removal?utm_source=blog&utm_medium=owned&utm_campaign=mpc-7033-w02","draft"
"2026-10-14","2","x","Thread: how a people-search site builds a profile of you in 4 steps","x.com","https://www.myprivacytool.io/scan?utm_source=x&utm_medium=social&utm_campaign=mpc-7033-w02","draft"
"2026-10-15","2","x","The 5-minute fix: remove yourself from one broker today","x.com","https://www.myprivacytool.io/scan?utm_source=x&utm_medium=social&utm_campaign=mpc-7033-w02","draft"
"2026-10-16","2","x","Why your LinkedIn profile feeds B2B data brokers","x.com","https://www.myprivacytool.io/scan?utm_source=x&utm_medium=social&utm_campaign=mpc-7033-w02","draft"
"2026-10-17","2","x","Do Not Call registries: what they do and do not stop","x.com","https://www.myprivacytool.io/scan?utm_source=x&utm_medium=social&utm_campaign=mpc-7033-w02","draft"
"2026-10-18","2","x","How to check whether your data is on brokers (free)","x.com","https://www.myprivacytool.io/scan?utm_source=x&utm_medium=social&utm_campaign=mpc-7033-w02","draft"
"2026-10-19","2","x","AI training on your data: the opt-outs that actually exist","x.com","https://www.myprivacytool.io/scan?utm_source=x&utm_medium=social&utm_campaign=mpc-7033-w02","draft"
"2026-10-20","2","x","One thing data brokers know about you that you never gave them","x.com","https://www.myprivacytool.io/scan?utm_source=x&utm_medium=social&utm_campaign=mpc-7033-w02","draft"
"2026-10-16","2","reddit","Answer an open question on removing data from people-search sites","r/privacy","https://www.myprivacytool.io/scan?utm_source=reddit&utm_medium=social&utm_campaign=mpc-7033-w02","draft"
"2026-10-19","2","reddit","Contribute to a thread on employee data exposure and phishing","r/cybersecurity","https://www.myprivacytool.io/scan?utm_source=reddit&utm_medium=social&utm_campaign=mpc-7033-w02","draft"
"2026-10-22","3","blog","How to Remove Your Number From Truecaller","myprivacytool.io/blog","https://www.myprivacytool.io/blog/remove-number-truecaller?utm_source=blog&utm_medium=owned&utm_campaign=mpc-7033-w03","draft"
"2026-10-24","3","blog","What Is a Privacy Exposure Score and Why Does It Matter?","myprivacytool.io/blog","https://www.myprivacytool.io/blog/what-is-your-exposure-score?utm_source=blog&utm_medium=owned&utm_campaign=mpc-7033-w03","draft"
"2026-10-27","3","blog","Why Employee Data Exposure Is a Company Security Risk","myprivacytool.io/blog","https://www.myprivacytool.io/blog/employee-privacy-risk?utm_source=blog&utm_medium=owned&utm_campaign=mpc-7033-w03","draft"
"2026-10-21","3","x","The 5-minute fix: remove yourself from one broker today","x.com","https://www.myprivacytool.io/scan?utm_source=x&utm_medium=social&utm_campaign=mpc-7033-w03","draft"
"2026-10-22","3","x","Why your LinkedIn profile feeds B2B data brokers","x.com","https://www.myprivacytool.io/scan?utm_source=x&utm_medium=social&utm_campaign=mpc-7033-w03","draft"
"2026-10-23","3","x","Do Not Call registries: what they do and do not stop","x.com","https://www.myprivacytool.io/scan?utm_source=x&utm_medium=social&utm_campaign=mpc-7033-w03","draft"
"2026-10-24","3","x","How to check whether your data is on brokers (free)","x.com","https://www.myprivacytool.io/scan?utm_source=x&utm_medium=social&utm_campaign=mpc-7033-w03","draft"
"2026-10-25","3","x","AI training on your data: the opt-outs that actually exist","x.com","https://www.myprivacytool.io/scan?utm_source=x&utm_medium=social&utm_campaign=mpc-7033-w03","draft"
"2026-10-26","3","x","One thing data brokers know about you that you never gave them","x.com","https://www.myprivacytool.io/scan?utm_source=x&utm_medium=social&utm_campaign=mpc-7033-w03","draft"
"2026-10-27","3","x","Thread: how a people-search site builds a profile of you in 4 steps","x.com","https://www.myprivacytool.io/scan?utm_source=x&utm_medium=social&utm_campaign=mpc-7033-w03","draft"
"2026-10-23","3","reddit","Answer an open question on removing data from people-search sites","r/privacy","https://www.myprivacytool.io/scan?utm_source=reddit&utm_medium=social&utm_campaign=mpc-7033-w03","draft"
"2026-10-26","3","reddit","Contribute to a thread on employee data exposure and phishing","r/cybersecurity","https://www.myprivacytool.io/scan?utm_source=reddit&utm_medium=social&utm_campaign=mpc-7033-w03","draft"
"2026-10-29","4","blog","What Is a Data Broker? (And How to Find Out Who Has Your Data) (refresh 2)","myprivacytool.io/blog","https://www.myprivacytool.io/blog/what-is-a-data-broker?utm_source=blog&utm_medium=owned&utm_campaign=mpc-7033-w04","draft"
"2026-10-31","4","blog","The Digital Privacy Checklist: 15 Fixes in One Afternoon (refresh 2)","myprivacytool.io/blog","https://www.myprivacytool.io/blog/digital-privacy-checklist?utm_source=blog&utm_medium=owned&utm_campaign=mpc-7033-w04","draft"
"2026-11-03","4","blog","How to Protect Your Privacy Online in 2026 (refresh 2)","myprivacytool.io/blog","https://www.myprivacytool.io/blog/protect-privacy-online?utm_source=blog&utm_medium=owned&utm_campaign=mpc-7033-w04","draft"
"2026-10-28","4","x","Why your LinkedIn profile feeds B2B data brokers","x.com","https://www.myprivacytool.io/scan?utm_source=x&utm_medium=social&utm_campaign=mpc-7033-w04","draft"
"2026-10-29","4","x","Do Not Call registries: what they do and do not stop","x.com","https://www.myprivacytool.io/scan?utm_source=x&utm_medium=social&utm_campaign=mpc-7033-w04","draft"
"2026-10-30","4","x","How to check whether your data is on brokers (free)","x.com","https://www.myprivacytool.io/scan?utm_source=x&utm_medium=social&utm_campaign=mpc-7033-w04","draft"
"2026-10-31","4","x","AI training on your data: the opt-outs that actually exist","x.com","https://www.myprivacytool.io/scan?utm_source=x&utm_medium=social&utm_campaign=mpc-7033-w04","draft"
"2026-11-01","4","x","One thing data brokers know about you that you never gave them","x.com","https://www.myprivacytool.io/scan?utm_source=x&utm_medium=social&utm_campaign=mpc-7033-w04","draft"
"2026-11-02","4","x","Thread: how a people-search site builds a profile of you in 4 steps","x.com","https://www.myprivacytool.io/scan?utm_source=x&utm_medium=social&utm_campaign=mpc-7033-w04","draft"
"2026-11-03","4","x","The 5-minute fix: remove yourself from one broker today","x.com","https://www.myprivacytool.io/scan?utm_source=x&utm_medium=social&utm_campaign=mpc-7033-w04","draft"
"2026-10-30","4","reddit","Answer an open question on removing data from people-search sites","r/privacy","https://www.myprivacytool.io/scan?utm_source=reddit&utm_medium=social&utm_campaign=mpc-7033-w04","draft"
"2026-11-02","4","reddit","Contribute to a thread on employee data exposure and phishing","r/cybersecurity","https://www.myprivacytool.io/scan?utm_source=reddit&utm_medium=social&utm_campaign=mpc-7033-w04","draft"
"2026-11-05","5","blog","How to Opt Out of Spokeo (Step by Step) (refresh 2)","myprivacytool.io/blog","https://www.myprivacytool.io/blog/opt-out-spokeo?utm_source=blog&utm_medium=owned&utm_campaign=mpc-7033-w05","draft"
"2026-11-07","5","blog","How to Remove Yourself From WhitePages (refresh 2)","myprivacytool.io/blog","https://www.myprivacytool.io/blog/opt-out-whitepages?utm_source=blog&utm_medium=owned&utm_campaign=mpc-7033-w05","draft"
"2026-11-10","5","blog","Data Broker Removal in Hong Kong and Singapore (refresh 2)","myprivacytool.io/blog","https://www.myprivacytool.io/blog/hk-sg-data-broker-removal?utm_source=blog&utm_medium=owned&utm_campaign=mpc-7033-w05","draft"
"2026-11-04","5","x","Do Not Call registries: what they do and do not stop","x.com","https://www.myprivacytool.io/scan?utm_source=x&utm_medium=social&utm_campaign=mpc-7033-w05","draft"
"2026-11-05","5","x","How to check whether your data is on brokers (free)","x.com","https://www.myprivacytool.io/scan?utm_source=x&utm_medium=social&utm_campaign=mpc-7033-w05","draft"
"2026-11-06","5","x","AI training on your data: the opt-outs that actually exist","x.com","https://www.myprivacytool.io/scan?utm_source=x&utm_medium=social&utm_campaign=mpc-7033-w05","draft"
"2026-11-07","5","x","One thing data brokers know about you that you never gave them","x.com","https://www.myprivacytool.io/scan?utm_source=x&utm_medium=social&utm_campaign=mpc-7033-w05","draft"
"2026-11-08","5","x","Thread: how a people-search site builds a profile of you in 4 steps","x.com","https://www.myprivacytool.io/scan?utm_source=x&utm_medium=social&utm_campaign=mpc-7033-w05","draft"
"2026-11-09","5","x","The 5-minute fix: remove yourself from one broker today","x.com","https://www.myprivacytool.io/scan?utm_source=x&utm_medium=social&utm_campaign=mpc-7033-w05","draft"
"2026-11-10","5","x","Why your LinkedIn profile feeds B2B data brokers","x.com","https://www.myprivacytool.io/scan?utm_source=x&utm_medium=social&utm_campaign=mpc-7033-w05","draft"
"2026-11-06","5","reddit","Answer an open question on removing data from people-search sites","r/privacy","https://www.myprivacytool.io/scan?utm_source=reddit&utm_medium=social&utm_campaign=mpc-7033-w05","draft"
"2026-11-09","5","reddit","Contribute to a thread on employee data exposure and phishing","r/cybersecurity","https://www.myprivacytool.io/scan?utm_source=reddit&utm_medium=social&utm_campaign=mpc-7033-w05","draft"
"2026-11-12","6","blog","How to Remove Your Number From Truecaller (refresh 2)","myprivacytool.io/blog","https://www.myprivacytool.io/blog/remove-number-truecaller?utm_source=blog&utm_medium=owned&utm_campaign=mpc-7033-w06","draft"
"2026-11-14","6","blog","What Is a Privacy Exposure Score and Why Does It Matter? (refresh 2)","myprivacytool.io/blog","https://www.myprivacytool.io/blog/what-is-your-exposure-score?utm_source=blog&utm_medium=owned&utm_campaign=mpc-7033-w06","draft"
"2026-11-17","6","blog","Why Employee Data Exposure Is a Company Security Risk (refresh 2)","myprivacytool.io/blog","https://www.myprivacytool.io/blog/employee-privacy-risk?utm_source=blog&utm_medium=owned&utm_campaign=mpc-7033-w06","draft"
"2026-11-11","6","x","How to check whether your data is on brokers (free)","x.com","https://www.myprivacytool.io/scan?utm_source=x&utm_medium=social&utm_campaign=mpc-7033-w06","draft"
"2026-11-12","6","x","AI training on your data: the opt-outs that actually exist","x.com","https://www.myprivacytool.io/scan?utm_source=x&utm_medium=social&utm_campaign=mpc-7033-w06","draft"
"2026-11-13","6","x","One thing data brokers know about you that you never gave them","x.com","https://www.myprivacytool.io/scan?utm_source=x&utm_medium=social&utm_campaign=mpc-7033-w06","draft"
"2026-11-14","6","x","Thread: how a people-search site builds a profile of you in 4 steps","x.com","https://www.myprivacytool.io/scan?utm_source=x&utm_medium=social&utm_campaign=mpc-7033-w06","draft"
"2026-11-15","6","x","The 5-minute fix: remove yourself from one broker today","x.com","https://www.myprivacytool.io/scan?utm_source=x&utm_medium=social&utm_campaign=mpc-7033-w06","draft"
"2026-11-16","6","x","Why your LinkedIn profile feeds B2B data brokers","x.com","https://www.myprivacytool.io/scan?utm_source=x&utm_medium=social&utm_campaign=mpc-7033-w06","draft"
"2026-11-17","6","x","Do Not Call registries: what they do and do not stop","x.com","https://www.myprivacytool.io/scan?utm_source=x&utm_medium=social&utm_campaign=mpc-7033-w06","draft"
"2026-11-13","6","reddit","Answer an open question on removing data from people-search sites","r/privacy","https://www.myprivacytool.io/scan?utm_source=reddit&utm_medium=social&utm_campaign=mpc-7033-w06","draft"
"2026-11-16","6","reddit","Contribute to a thread on employee data exposure and phishing","r/cybersecurity","https://www.myprivacytool.io/scan?utm_source=reddit&utm_medium=social&utm_campaign=mpc-7033-w06","draft"
"2026-11-19","7","blog","What Is a Data Broker? (And How to Find Out Who Has Your Data) (refresh 3)","myprivacytool.io/blog","https://www.myprivacytool.io/blog/what-is-a-data-broker?utm_source=blog&utm_medium=owned&utm_campaign=mpc-7033-w07","draft"
"2026-11-21","7","blog","The Digital Privacy Checklist: 15 Fixes in One Afternoon (refresh 3)","myprivacytool.io/blog","https://www.myprivacytool.io/blog/digital-privacy-checklist?utm_source=blog&utm_medium=owned&utm_campaign=mpc-7033-w07","draft"
"2026-11-24","7","blog","How to Protect Your Privacy Online in 2026 (refresh 3)","myprivacytool.io/blog","https://www.myprivacytool.io/blog/protect-privacy-online?utm_source=blog&utm_medium=owned&utm_campaign=mpc-7033-w07","draft"
"2026-11-18","7","x","AI training on your data: the opt-outs that actually exist","x.com","https://www.myprivacytool.io/scan?utm_source=x&utm_medium=social&utm_campaign=mpc-7033-w07","draft"
"2026-11-19","7","x","One thing data brokers know about you that you never gave them","x.com","https://www.myprivacytool.io/scan?utm_source=x&utm_medium=social&utm_campaign=mpc-7033-w07","draft"
"2026-11-20","7","x","Thread: how a people-search site builds a profile of you in 4 steps","x.com","https://www.myprivacytool.io/scan?utm_source=x&utm_medium=social&utm_campaign=mpc-7033-w07","draft"
"2026-11-21","7","x","The 5-minute fix: remove yourself from one broker today","x.com","https://www.myprivacytool.io/scan?utm_source=x&utm_medium=social&utm_campaign=mpc-7033-w07","draft"
"2026-11-22","7","x","Why your LinkedIn profile feeds B2B data brokers","x.com","https://www.myprivacytool.io/scan?utm_source=x&utm_medium=social&utm_campaign=mpc-7033-w07","draft"
"2026-11-23","7","x","Do Not Call registries: what they do and do not stop","x.com","https://www.myprivacytool.io/scan?utm_source=x&utm_medium=social&utm_campaign=mpc-7033-w07","draft"
"2026-11-24","7","x","How to check whether your data is on brokers (free)","x.com","https://www.myprivacytool.io/scan?utm_source=x&utm_medium=social&utm_campaign=mpc-7033-w07","draft"
"2026-11-20","7","reddit","Answer an open question on removing data from people-search sites","r/privacy","https://www.myprivacytool.io/scan?utm_source=reddit&utm_medium=social&utm_campaign=mpc-7033-w07","draft"
"2026-11-23","7","reddit","Contribute to a thread on employee data exposure and phishing","r/cybersecurity","https://www.myprivacytool.io/scan?utm_source=reddit&utm_medium=social&utm_campaign=mpc-7033-w07","draft"
"2026-11-26","8","blog","How to Opt Out of Spokeo (Step by Step) (refresh 3)","myprivacytool.io/blog","https://www.myprivacytool.io/blog/opt-out-spokeo?utm_source=blog&utm_medium=owned&utm_campaign=mpc-7033-w08","draft"
"2026-11-28","8","blog","How to Remove Yourself From WhitePages (refresh 3)","myprivacytool.io/blog","https://www.myprivacytool.io/blog/opt-out-whitepages?utm_source=blog&utm_medium=owned&utm_campaign=mpc-7033-w08","draft"
"2026-12-01","8","blog","Data Broker Removal in Hong Kong and Singapore (refresh 3)","myprivacytool.io/blog","https://www.myprivacytool.io/blog/hk-sg-data-broker-removal?utm_source=blog&utm_medium=owned&utm_campaign=mpc-7033-w08","draft"
"2026-11-25","8","x","One thing data brokers know about you that you never gave them","x.com","https://www.myprivacytool.io/scan?utm_source=x&utm_medium=social&utm_campaign=mpc-7033-w08","draft"
"2026-11-26","8","x","Thread: how a people-search site builds a profile of you in 4 steps","x.com","https://www.myprivacytool.io/scan?utm_source=x&utm_medium=social&utm_campaign=mpc-7033-w08","draft"
"2026-11-27","8","x","The 5-minute fix: remove yourself from one broker today","x.com","https://www.myprivacytool.io/scan?utm_source=x&utm_medium=social&utm_campaign=mpc-7033-w08","draft"
"2026-11-28","8","x","Why your LinkedIn profile feeds B2B data brokers","x.com","https://www.myprivacytool.io/scan?utm_source=x&utm_medium=social&utm_campaign=mpc-7033-w08","draft"
"2026-11-29","8","x","Do Not Call registries: what they do and do not stop","x.com","https://www.myprivacytool.io/scan?utm_source=x&utm_medium=social&utm_campaign=mpc-7033-w08","draft"
"2026-11-30","8","x","How to check whether your data is on brokers (free)","x.com","https://www.myprivacytool.io/scan?utm_source=x&utm_medium=social&utm_campaign=mpc-7033-w08","draft"
"2026-12-01","8","x","AI training on your data: the opt-outs that actually exist","x.com","https://www.myprivacytool.io/scan?utm_source=x&utm_medium=social&utm_campaign=mpc-7033-w08","draft"
"2026-11-27","8","reddit","Answer an open question on removing data from people-search sites","r/privacy","https://www.myprivacytool.io/scan?utm_source=reddit&utm_medium=social&utm_campaign=mpc-7033-w08","draft"
"2026-11-30","8","reddit","Contribute to a thread on employee data exposure and phishing","r/cybersecurity","https://www.myprivacytool.io/scan?utm_source=reddit&utm_medium=social&utm_campaign=mpc-7033-w08","draft"
"2026-12-03","9","blog","How to Remove Your Number From Truecaller (refresh 3)","myprivacytool.io/blog","https://www.myprivacytool.io/blog/remove-number-truecaller?utm_source=blog&utm_medium=owned&utm_campaign=mpc-7033-w09","draft"
"2026-12-05","9","blog","What Is a Privacy Exposure Score and Why Does It Matter? (refresh 3)","myprivacytool.io/blog","https://www.myprivacytool.io/blog/what-is-your-exposure-score?utm_source=blog&utm_medium=owned&utm_campaign=mpc-7033-w09","draft"
"2026-12-08","9","blog","Why Employee Data Exposure Is a Company Security Risk (refresh 3)","myprivacytool.io/blog","https://www.myprivacytool.io/blog/employee-privacy-risk?utm_source=blog&utm_medium=owned&utm_campaign=mpc-7033-w09","draft"
"2026-12-02","9","x","Thread: how a people-search site builds a profile of you in 4 steps","x.com","https://www.myprivacytool.io/scan?utm_source=x&utm_medium=social&utm_campaign=mpc-7033-w09","draft"
"2026-12-03","9","x","The 5-minute fix: remove yourself from one broker today","x.com","https://www.myprivacytool.io/scan?utm_source=x&utm_medium=social&utm_campaign=mpc-7033-w09","draft"
"2026-12-04","9","x","Why your LinkedIn profile feeds B2B data brokers","x.com","https://www.myprivacytool.io/scan?utm_source=x&utm_medium=social&utm_campaign=mpc-7033-w09","draft"
"2026-12-05","9","x","Do Not Call registries: what they do and do not stop","x.com","https://www.myprivacytool.io/scan?utm_source=x&utm_medium=social&utm_campaign=mpc-7033-w09","draft"
"2026-12-06","9","x","How to check whether your data is on brokers (free)","x.com","https://www.myprivacytool.io/scan?utm_source=x&utm_medium=social&utm_campaign=mpc-7033-w09","draft"
"2026-12-07","9","x","AI training on your data: the opt-outs that actually exist","x.com","https://www.myprivacytool.io/scan?utm_source=x&utm_medium=social&utm_campaign=mpc-7033-w09","draft"
"2026-12-08","9","x","One thing data brokers know about you that you never gave them","x.com","https://www.myprivacytool.io/scan?utm_source=x&utm_medium=social&utm_campaign=mpc-7033-w09","draft"
"2026-12-04","9","reddit","Answer an open question on removing data from people-search sites","r/privacy","https://www.myprivacytool.io/scan?utm_source=reddit&utm_medium=social&utm_campaign=mpc-7033-w09","draft"
"2026-12-07","9","reddit","Contribute to a thread on employee data exposure and phishing","r/cybersecurity","https://www.myprivacytool.io/scan?utm_source=reddit&utm_medium=social&utm_campaign=mpc-7033-w09","draft"
"2026-12-10","10","blog","What Is a Data Broker? (And How to Find Out Who Has Your Data) (refresh 4)","myprivacytool.io/blog","https://www.myprivacytool.io/blog/what-is-a-data-broker?utm_source=blog&utm_medium=owned&utm_campaign=mpc-7033-w10","draft"
"2026-12-12","10","blog","The Digital Privacy Checklist: 15 Fixes in One Afternoon (refresh 4)","myprivacytool.io/blog","https://www.myprivacytool.io/blog/digital-privacy-checklist?utm_source=blog&utm_medium=owned&utm_campaign=mpc-7033-w10","draft"
"2026-12-15","10","blog","How to Protect Your Privacy Online in 2026 (refresh 4)","myprivacytool.io/blog","https://www.myprivacytool.io/blog/protect-privacy-online?utm_source=blog&utm_medium=owned&utm_campaign=mpc-7033-w10","draft"
"2026-12-09","10","x","The 5-minute fix: remove yourself from one broker today","x.com","https://www.myprivacytool.io/scan?utm_source=x&utm_medium=social&utm_campaign=mpc-7033-w10","draft"
"2026-12-10","10","x","Why your LinkedIn profile feeds B2B data brokers","x.com","https://www.myprivacytool.io/scan?utm_source=x&utm_medium=social&utm_campaign=mpc-7033-w10","draft"
"2026-12-11","10","x","Do Not Call registries: what they do and do not stop","x.com","https://www.myprivacytool.io/scan?utm_source=x&utm_medium=social&utm_campaign=mpc-7033-w10","draft"
"2026-12-12","10","x","How to check whether your data is on brokers (free)","x.com","https://www.myprivacytool.io/scan?utm_source=x&utm_medium=social&utm_campaign=mpc-7033-w10","draft"
"2026-12-13","10","x","AI training on your data: the opt-outs that actually exist","x.com","https://www.myprivacytool.io/scan?utm_source=x&utm_medium=social&utm_campaign=mpc-7033-w10","draft"
"2026-12-14","10","x","One thing data brokers know about you that you never gave them","x.com","https://www.myprivacytool.io/scan?utm_source=x&utm_medium=social&utm_campaign=mpc-7033-w10","draft"
"2026-12-15","10","x","Thread: how a people-search site builds a profile of you in 4 steps","x.com","https://www.myprivacytool.io/scan?utm_source=x&utm_medium=social&utm_campaign=mpc-7033-w10","draft"
"2026-12-11","10","reddit","Answer an open question on removing data from people-search sites","r/privacy","https://www.myprivacytool.io/scan?utm_source=reddit&utm_medium=social&utm_campaign=mpc-7033-w10","draft"
"2026-12-14","10","reddit","Contribute to a thread on employee data exposure and phishing","r/cybersecurity","https://www.myprivacytool.io/scan?utm_source=reddit&utm_medium=social&utm_campaign=mpc-7033-w10","draft"
"2026-12-17","11","blog","How to Opt Out of Spokeo (Step by Step) (refresh 4)","myprivacytool.io/blog","https://www.myprivacytool.io/blog/opt-out-spokeo?utm_source=blog&utm_medium=owned&utm_campaign=mpc-7033-w11","draft"
"2026-12-19","11","blog","How to Remove Yourself From WhitePages (refresh 4)","myprivacytool.io/blog","https://www.myprivacytool.io/blog/opt-out-whitepages?utm_source=blog&utm_medium=owned&utm_campaign=mpc-7033-w11","draft"
"2026-12-22","11","blog","Data Broker Removal in Hong Kong and Singapore (refresh 4)","myprivacytool.io/blog","https://www.myprivacytool.io/blog/hk-sg-data-broker-removal?utm_source=blog&utm_medium=owned&utm_campaign=mpc-7033-w11","draft"
"2026-12-16","11","x","Why your LinkedIn profile feeds B2B data brokers","x.com","https://www.myprivacytool.io/scan?utm_source=x&utm_medium=social&utm_campaign=mpc-7033-w11","draft"
"2026-12-17","11","x","Do Not Call registries: what they do and do not stop","x.com","https://www.myprivacytool.io/scan?utm_source=x&utm_medium=social&utm_campaign=mpc-7033-w11","draft"
"2026-12-18","11","x","How to check whether your data is on brokers (free)","x.com","https://www.myprivacytool.io/scan?utm_source=x&utm_medium=social&utm_campaign=mpc-7033-w11","draft"
"2026-12-19","11","x","AI training on your data: the opt-outs that actually exist","x.com","https://www.myprivacytool.io/scan?utm_source=x&utm_medium=social&utm_campaign=mpc-7033-w11","draft"
"2026-12-20","11","x","One thing data brokers know about you that you never gave them","x.com","https://www.myprivacytool.io/scan?utm_source=x&utm_medium=social&utm_campaign=mpc-7033-w11","draft"
"2026-12-21","11","x","Thread: how a people-search site builds a profile of you in 4 steps","x.com","https://www.myprivacytool.io/scan?utm_source=x&utm_medium=social&utm_campaign=mpc-7033-w11","draft"
"2026-12-22","11","x","The 5-minute fix: remove yourself from one broker today","x.com","https://www.myprivacytool.io/scan?utm_source=x&utm_medium=social&utm_campaign=mpc-7033-w11","draft"
"2026-12-18","11","reddit","Answer an open question on removing data from people-search sites","r/privacy","https://www.myprivacytool.io/scan?utm_source=reddit&utm_medium=social&utm_campaign=mpc-7033-w11","draft"
"2026-12-21","11","reddit","Contribute to a thread on employee data exposure and phishing","r/cybersecurity","https://www.myprivacytool.io/scan?utm_source=reddit&utm_medium=social&utm_campaign=mpc-7033-w11","draft"
"2026-12-24","12","blog","How to Remove Your Number From Truecaller (refresh 4)","myprivacytool.io/blog","https://www.myprivacytool.io/blog/remove-number-truecaller?utm_source=blog&utm_medium=owned&utm_campaign=mpc-7033-w12","draft"
"2026-12-26","12","blog","What Is a Privacy Exposure Score and Why Does It Matter? (refresh 4)","myprivacytool.io/blog","https://www.myprivacytool.io/blog/what-is-your-exposure-score?utm_source=blog&utm_medium=owned&utm_campaign=mpc-7033-w12","draft"
"2026-12-29","12","blog","Why Employee Data Exposure Is a Company Security Risk (refresh 4)","myprivacytool.io/blog","https://www.myprivacytool.io/blog/employee-privacy-risk?utm_source=blog&utm_medium=owned&utm_campaign=mpc-7033-w12","draft"
"2026-12-23","12","x","Do Not Call registries: what they do and do not stop","x.com","https://www.myprivacytool.io/scan?utm_source=x&utm_medium=social&utm_campaign=mpc-7033-w12","draft"
"2026-12-24","12","x","How to check whether your data is on brokers (free)","x.com","https://www.myprivacytool.io/scan?utm_source=x&utm_medium=social&utm_campaign=mpc-7033-w12","draft"
"2026-12-25","12","x","AI training on your data: the opt-outs that actually exist","x.com","https://www.myprivacytool.io/scan?utm_source=x&utm_medium=social&utm_campaign=mpc-7033-w12","draft"
"2026-12-26","12","x","One thing data brokers know about you that you never gave them","x.com","https://www.myprivacytool.io/scan?utm_source=x&utm_medium=social&utm_campaign=mpc-7033-w12","draft"
"2026-12-27","12","x","Thread: how a people-search site builds a profile of you in 4 steps","x.com","https://www.myprivacytool.io/scan?utm_source=x&utm_medium=social&utm_campaign=mpc-7033-w12","draft"
"2026-12-28","12","x","The 5-minute fix: remove yourself from one broker today","x.com","https://www.myprivacytool.io/scan?utm_source=x&utm_medium=social&utm_campaign=mpc-7033-w12","draft"
"2026-12-29","12","x","Why your LinkedIn profile feeds B2B data brokers","x.com","https://www.myprivacytool.io/scan?utm_source=x&utm_medium=social&utm_campaign=mpc-7033-w12","draft"
"2026-12-25","12","reddit","Answer an open question on removing data from people-search sites","r/privacy","https://www.myprivacytool.io/scan?utm_source=reddit&utm_medium=social&utm_campaign=mpc-7033-w12","draft"
"2026-12-28","12","reddit","Contribute to a thread on employee data exposure and phishing","r/cybersecurity","https://www.myprivacytool.io/scan?utm_source=reddit&utm_medium=social&utm_campaign=mpc-7033-w12","draft"
"2026-12-31","13","blog","What Is a Data Broker? (And How to Find Out Who Has Your Data) (refresh 5)","myprivacytool.io/blog","https://www.myprivacytool.io/blog/what-is-a-data-broker?utm_source=blog&utm_medium=owned&utm_campaign=mpc-7033-w13","draft"
"2027-01-02","13","blog","The Digital Privacy Checklist: 15 Fixes in One Afternoon (refresh 5)","myprivacytool.io/blog","https://www.myprivacytool.io/blog/digital-privacy-checklist?utm_source=blog&utm_medium=owned&utm_campaign=mpc-7033-w13","draft"
"2027-01-05","13","blog","How to Protect Your Privacy Online in 2026 (refresh 5)","myprivacytool.io/blog","https://www.myprivacytool.io/blog/protect-privacy-online?utm_source=blog&utm_medium=owned&utm_campaign=mpc-7033-w13","draft"
"2026-12-30","13","x","How to check whether your data is on brokers (free)","x.com","https://www.myprivacytool.io/scan?utm_source=x&utm_medium=social&utm_campaign=mpc-7033-w13","draft"
"2026-12-31","13","x","AI training on your data: the opt-outs that actually exist","x.com","https://www.myprivacytool.io/scan?utm_source=x&utm_medium=social&utm_campaign=mpc-7033-w13","draft"
"2027-01-01","13","x","One thing data brokers know about you that you never gave them","x.com","https://www.myprivacytool.io/scan?utm_source=x&utm_medium=social&utm_campaign=mpc-7033-w13","draft"
"2027-01-02","13","x","Thread: how a people-search site builds a profile of you in 4 steps","x.com","https://www.myprivacytool.io/scan?utm_source=x&utm_medium=social&utm_campaign=mpc-7033-w13","draft"
"2027-01-03","13","x","The 5-minute fix: remove yourself from one broker today","x.com","https://www.myprivacytool.io/scan?utm_source=x&utm_medium=social&utm_campaign=mpc-7033-w13","draft"
"2027-01-04","13","x","Why your LinkedIn profile feeds B2B data brokers","x.com","https://www.myprivacytool.io/scan?utm_source=x&utm_medium=social&utm_campaign=mpc-7033-w13","draft"
"2027-01-05","13","x","Do Not Call registries: what they do and do not stop","x.com","https://www.myprivacytool.io/scan?utm_source=x&utm_medium=social&utm_campaign=mpc-7033-w13","draft"
"2027-01-01","13","reddit","Answer an open question on removing data from people-search sites","r/privacy","https://www.myprivacytool.io/scan?utm_source=reddit&utm_medium=social&utm_campaign=mpc-7033-w13","draft"
"2027-01-04","13","reddit","Contribute to a thread on employee data exposure and phishing","r/cybersecurity","https://www.myprivacytool.io/scan?utm_source=reddit&utm_medium=social&utm_campaign=mpc-7033-w13","draft"
