"date","week","content_type","title","target","url_with_utm","status","owner","posted_url"
"2026-10-08","1","linkedin-pillar","How Exposed Are You? The 46 Things Tracking You Online (pillar)","linkedin.com/company/myprivacytool","https://www.myprivacytool.io/blog/how-exposed-are-you?utm_source=linkedin&utm_medium=social&utm_campaign=mpc-7504-w01","draft","",""
"2026-10-15","2","linkedin-weekly","How to Opt Out of Spokeo (Step by Step)","linkedin.com/company/myprivacytool","https://www.myprivacytool.io/blog/opt-out-spokeo?utm_source=linkedin&utm_medium=social&utm_campaign=mpc-7504-w02","draft","",""
"2026-10-22","3","linkedin-weekly","How to Remove Your Number From Truecaller","linkedin.com/company/myprivacytool","https://www.myprivacytool.io/blog/remove-number-truecaller?utm_source=linkedin&utm_medium=social&utm_campaign=mpc-7504-w03","draft","",""
"2026-10-29","4","linkedin-weekly","What Is a Data Broker? (And How to Find Out Who Has Your Data) (refresh 2)","linkedin.com/company/myprivacytool","https://www.myprivacytool.io/blog/what-is-a-data-broker?utm_source=linkedin&utm_medium=social&utm_campaign=mpc-7504-w04","draft","",""
"2026-11-05","5","linkedin-weekly","How to Opt Out of Spokeo (Step by Step) (refresh 2)","linkedin.com/company/myprivacytool","https://www.myprivacytool.io/blog/opt-out-spokeo?utm_source=linkedin&utm_medium=social&utm_campaign=mpc-7504-w05","draft","",""
"2026-11-12","6","linkedin-weekly","How to Remove Your Number From Truecaller (refresh 2)","linkedin.com/company/myprivacytool","https://www.myprivacytool.io/blog/remove-number-truecaller?utm_source=linkedin&utm_medium=social&utm_campaign=mpc-7504-w06","draft","",""
"2026-11-19","7","linkedin-weekly","What Is a Data Broker? (And How to Find Out Who Has Your Data) (refresh 3)","linkedin.com/company/myprivacytool","https://www.myprivacytool.io/blog/what-is-a-data-broker?utm_source=linkedin&utm_medium=social&utm_campaign=mpc-7504-w07","draft","",""
"2026-11-26","8","linkedin-weekly","How to Opt Out of Spokeo (Step by Step) (refresh 3)","linkedin.com/company/myprivacytool","https://www.myprivacytool.io/blog/opt-out-spokeo?utm_source=linkedin&utm_medium=social&utm_campaign=mpc-7504-w08","draft","",""
"2026-12-03","9","linkedin-weekly","How to Remove Your Number From Truecaller (refresh 3)","linkedin.com/company/myprivacytool","https://www.myprivacytool.io/blog/remove-number-truecaller?utm_source=linkedin&utm_medium=social&utm_campaign=mpc-7504-w09","draft","",""
"2026-12-10","10","linkedin-weekly","What Is a Data Broker? (And How to Find Out Who Has Your Data) (refresh 4)","linkedin.com/company/myprivacytool","https://www.myprivacytool.io/blog/what-is-a-data-broker?utm_source=linkedin&utm_medium=social&utm_campaign=mpc-7504-w10","draft","",""
"2026-12-17","11","linkedin-weekly","How to Opt Out of Spokeo (Step by Step) (refresh 4)","linkedin.com/company/myprivacytool","https://www.myprivacytool.io/blog/opt-out-spokeo?utm_source=linkedin&utm_medium=social&utm_campaign=mpc-7504-w11","draft","",""
"2026-12-24","12","linkedin-weekly","How to Remove Your Number From Truecaller (refresh 4)","linkedin.com/company/myprivacytool","https://www.myprivacytool.io/blog/remove-number-truecaller?utm_source=linkedin&utm_medium=social&utm_campaign=mpc-7504-w12","draft","",""
"2026-12-31","13","linkedin-weekly","What Is a Data Broker? (And How to Find Out Who Has Your Data) (refresh 5)","linkedin.com/company/myprivacytool","https://www.myprivacytool.io/blog/what-is-a-data-broker?utm_source=linkedin&utm_medium=social&utm_campaign=mpc-7504-w13","draft","",""
